seq_id,executed_query,user_query,error_code,error_category,error_message,user_id,start_time,end_time,duration_minutes
1041,"SELECT a.account_id, COUNT(*) cnt FROM ops.events a /* nightly */ WHERE a.event_type = 'LOGIN' AND a.event_ts >= '2026-09-20' GROUP BY a.account_id HAVING COUNT(*) > 18","SELECT a.account_id, COUNT(*) cnt FROM ops.events a /* nightly */ WHERE a.event_type = 'LOGIN' AND a.event_ts >= '2026-09-20' GROUP BY a.account_id HAVING COUNT(*) > 18",,,,lchen,2026-09-12 22:28:00,2026-09-12 22:31:01,3.03
1042,SELECT DISTINCT u.user_id FROM web.sessions u WHERE u.country = 'EMEA',SELECT DISTINCT u.user_id FROM web.sessions u WHERE u.country = 'EMEA',,,,opatel,2026-09-13 05:24:00,2026-09-13 05:25:15,1.25
1043,select * from risk.positions p where p.book_id in (34) and p.as_of_date = '2026-09-08',select * from risk.positions p where p.book_id in (34) and p.as_of_date = '2026-09-08',,,,jsmith,2026-09-13 12:25:00,2026-09-13 12:42:09,17.15
1044,"SELECT a.account_id, COUNT(*) cnt FROM ops.events a /* nightly */ WHERE a.event_type = 'TRADE' AND a.event_ts >= '2026-09-10' GROUP BY a.account_id HAVING COUNT(*) > 49","SELECT a.account_id, COUNT(*) cnt FROM ops.events a /* nightly */ WHERE a.event_type = 'TRADE' AND a.event_ts >= '2026-09-10' GROUP BY a.account_id HAVING COUNT(*) > 49",,,,akumar,2026-09-13 19:20:00,2026-09-13 19:29:29,9.49
1045,"SELECT a.account_id, COUNT(*) cnt FROM ops.events a /* nightly */ WHERE a.event_type = 'LOGIN' AND a.event_ts >= '2026-09-20' GROUP BY a.account_id HAVING COUNT(*) > 34","SELECT a.account_id, COUNT(*) cnt FROM ops.events a /* nightly */ WHERE a.event_type = 'LOGIN' AND a.event_ts >= '2026-09-20' GROUP BY a.account_id HAVING COUNT(*) > 34",,,,rbrown,2026-09-14 02:48:00,2026-09-14 02:55:32,7.54
1046,SELECT DISTINCT u.user_id FROM web.sessions u WHERE u.country = 'EMEA',SELECT DISTINCT u.user_id FROM web.sessions u WHERE u.country = 'EMEA',,,,mgarcia,2026-09-14 09:23:00,2026-09-14 09:26:52,3.88
1047,SELECT DISTINCT u.user_id FROM web.sessions u WHERE u.country = 'NA',SELECT DISTINCT u.user_id FROM web.sessions u WHERE u.country = 'NA',MEM_LIMIT_EXCEEDED,Resource,Memory limit exceeded: Failed to allocate tracked buffer,jsmith,2026-09-14 16:47:00,2026-09-14 16:50:48,3.8
1048,SELECT DISTINCT u.user_id FROM web.sessions u WHERE u.country = 'APAC',SELECT DISTINCT u.user_id FROM web.sessions u WHERE u.country = 'APAC',TIMEOUT,Timeout,Query exceeded idle timeout of 600s,rbrown,2026-09-14 23:48:00,2026-09-14 23:49:37,1.62
1049,"WITH recent AS (SELECT * FROM fin.ledger WHERE posting_date > '2026-09-16') SELECT r.gl_code, SUM(r.amount) FROM recent r JOIN fin.gl_codes g ON r.gl_code = g.gl_code GROUP BY r.gl_code","WITH recent AS (SELECT * FROM fin.ledger WHERE posting_date > '2026-09-16') SELECT r.gl_code, SUM(r.amount) FROM recent r JOIN fin.gl_codes g ON r.gl_code = g.gl_code GROUP BY r.gl_code",,,,rbrown,2026-09-15 06:38:00,2026-09-15 07:16:51,38.85
1050,"SELECT a.account_id, COUNT(*) cnt FROM ops.events a /* nightly */ WHERE a.event_type = 'LOGIN' AND a.event_ts >= '2026-09-20' GROUP BY a.account_id HAVING COUNT(*) > 32","SELECT a.account_id, COUNT(*) cnt FROM ops.events a /* nightly */ WHERE a.event_type = 'LOGIN' AND a.event_ts >= '2026-09-20' GROUP BY a.account_id HAVING COUNT(*) > 32",,,,rbrown,2026-09-15 13:17:00,2026-09-15 13:28:45,11.75
1051,"select * from risk.positions p where p.book_id in (37,60,60,60,99) and p.as_of_date = '2026-09-16'","select * from risk.positions p where p.book_id in (37,60,60,60,99) and p.as_of_date = '2026-09-16'",,,,mgarcia,2026-09-15 20:12:00,2026-09-15 20:23:55,11.92
1052,"SELECT c.customer_id, c.segment, SUM(t.amount) AS total FROM sales.transactions t JOIN sales.customers c ON t.customer_id = c.customer_id WHERE t.txn_date BETWEEN '2026-09-10' AND '2026-09-29' AND c.region = 'EMEA' GROUP BY c.customer_id, c.segment ORDER BY total DESC LIMIT 100","SELECT c.customer_id, c.segment, SUM(t.amount) AS total FROM sales.transactions t JOIN sales.customers c ON t.customer_id = c.customer_id WHERE t.txn_date BETWEEN '2026-09-10' AND '2026-09-29' AND c.region = 'EMEA' GROUP BY c.customer_id, c.segment ORDER BY total DESC LIMIT 100",MEM_LIMIT_EXCEEDED,Resource,Memory limit exceeded: Failed to allocate tracked buffer,lchen,2026-09-16 03:05:00,2026-09-16 03:26:49,21.83
1053,"SELECT a.account_id, COUNT(*) cnt FROM ops.events a /* nightly */ WHERE a.event_type = 'TRADE' AND a.event_ts >= '2026-09-05' GROUP BY a.account_id HAVING COUNT(*) > 32","SELECT a.account_id, COUNT(*) cnt FROM ops.events a /* nightly */ WHERE a.event_type = 'TRADE' AND a.event_ts >= '2026-09-05' GROUP BY a.account_id HAVING COUNT(*) > 32",,,,mgarcia,2026-09-16 10:25:00,2026-09-16 10:28:13,3.22
1054,"WITH recent AS (SELECT * FROM fin.ledger WHERE posting_date > '2026-09-13') SELECT r.gl_code, SUM(r.amount) FROM recent r JOIN fin.gl_codes g ON r.gl_code = g.gl_code GROUP BY r.gl_code","WITH recent AS (SELECT * FROM fin.ledger WHERE posting_date > '2026-09-13') SELECT r.gl_code, SUM(r.amount) FROM recent r JOIN fin.gl_codes g ON r.gl_code = g.gl_code GROUP BY r.gl_code",,,,lchen,2026-09-16 17:07:00,2026-09-16 18:27:24,80.41
1055,"SELECT a.account_id, COUNT(*) cnt FROM ops.events a /* nightly */ WHERE a.event_type = 'TRADE' AND a.event_ts >= '2026-09-13' GROUP BY a.account_id HAVING COUNT(*) > 17","SELECT a.account_id, COUNT(*) cnt FROM ops.events a /* nightly */ WHERE a.event_type = 'TRADE' AND a.event_ts >= '2026-09-13' GROUP BY a.account_id HAVING COUNT(*) > 17",,,,opatel,2026-09-17 00:23:00,2026-09-17 00:26:34,3.58
1056,"SELECT c.customer_id, c.segment, SUM(t.amount) AS total FROM sales.transactions t JOIN sales.customers c ON t.customer_id = c.customer_id WHERE t.txn_date BETWEEN '2026-09-12' AND '2026-09-28' AND c.region = 'APAC' GROUP BY c.customer_id, c.segment ORDER BY total DESC LIMIT 100","SELECT c.customer_id, c.segment, SUM(t.amount) AS total FROM sales.transactions t JOIN sales.customers c ON t.customer_id = c.customer_id WHERE t.txn_date BETWEEN '2026-09-12' AND '2026-09-28' AND c.region = 'APAC' GROUP BY c.customer_id, c.segment ORDER BY total DESC LIMIT 100",TIMEOUT,Timeout,Query exceeded idle timeout of 600s,akumar,2026-09-17 07:53:00,2026-09-17 08:28:52,35.87
1057,"select * from risk.positions p where p.book_id in (25,99,48) and p.as_of_date = '2026-09-09'","select * from risk.positions p where p.book_id in (25,99,48) and p.as_of_date = '2026-09-09'",,,,opatel,2026-09-17 14:51:00,2026-09-17 15:11:28,20.47
1058,SELECT DISTINCT u.user_id FROM web.sessions u WHERE u.country = 'EMEA',SELECT DISTINCT u.user_id FROM web.sessions u WHERE u.country = 'EMEA',MEM_LIMIT_EXCEEDED,Resource,Memory limit exceeded: Failed to allocate tracked buffer,akumar,2026-09-17 21:03:00,2026-09-17 21:06:44,3.74
1059,"select * from risk.positions p where p.book_id in (39,33,95) and p.as_of_date = '2026-09-16'","select * from risk.positions p where p.book_id in (39,33,95) and p.as_of_date = '2026-09-16'",,,,opatel,2026-09-18 04:41:00,2026-09-18 04:51:31,10.53
1060,"WITH recent AS (SELECT * FROM fin.ledger WHERE posting_date > '2026-09-04') SELECT r.gl_code, SUM(r.amount) FROM recent r JOIN fin.gl_codes g ON r.gl_code = g.gl_code GROUP BY r.gl_code","WITH recent AS (SELECT * FROM fin.ledger WHERE posting_date > '2026-09-04') SELECT r.gl_code, SUM(r.amount) FROM recent r JOIN fin.gl_codes g ON r.gl_code = g.gl_code GROUP BY r.gl_code",,,,mgarcia,2026-09-18 11:14:00,2026-09-18 12:11:10,57.18
1061,"WITH recent AS (SELECT * FROM fin.ledger WHERE posting_date > '2026-09-10') SELECT r.gl_code, SUM(r.amount) FROM recent r JOIN fin.gl_codes g ON r.gl_code = g.gl_code GROUP BY r.gl_code","WITH recent AS (SELECT * FROM fin.ledger WHERE posting_date > '2026-09-10') SELECT r.gl_code, SUM(r.amount) FROM recent r JOIN fin.gl_codes g ON r.gl_code = g.gl_code GROUP BY r.gl_code",,,,akumar,2026-09-19 06:28:00,2026-09-19 07:04:31,36.53
1062,"SELECT c.customer_id, c.segment, SUM(t.amount) AS total FROM sales.transactions t JOIN sales.customers c ON t.customer_id = c.customer_id WHERE t.txn_date BETWEEN '2026-09-10' AND '2026-09-19' AND c.region = 'APAC' GROUP BY c.customer_id, c.segment ORDER BY total DESC LIMIT 100","SELECT c.customer_id, c.segment, SUM(t.amount) AS total FROM sales.transactions t JOIN sales.customers c ON t.customer_id = c.customer_id WHERE t.txn_date BETWEEN '2026-09-10' AND '2026-09-19' AND c.region = 'APAC' GROUP BY c.customer_id, c.segment ORDER BY total DESC LIMIT 100",,,,akumar,2026-09-19 09:40:00,2026-09-19 10:23:45,43.75
1063,"SELECT c.customer_id, c.segment, SUM(t.amount) AS total FROM sales.transactions t JOIN sales.customers c ON t.customer_id = c.customer_id WHERE t.txn_date BETWEEN '2026-09-11' AND '2026-09-19' AND c.region = 'APAC' GROUP BY c.customer_id, c.segment ORDER BY total DESC LIMIT 100","SELECT c.customer_id, c.segment, SUM(t.amount) AS total FROM sales.transactions t JOIN sales.customers c ON t.customer_id = c.customer_id WHERE t.txn_date BETWEEN '2026-09-11' AND '2026-09-19' AND c.region = 'APAC' GROUP BY c.customer_id, c.segment ORDER BY total DESC LIMIT 100",,,,jsmith,2026-09-19 12:09:00,2026-09-19 12:17:10,8.17
1064,"SELECT o.order_id, o.status, COUNT(l.line_id) FROM ops.orders o JOIN ops.order_lines l ON o.order_id = l.order_id WHERE o.created_at >= '2026-09-12' GROUP BY o.order_id, o.status","SELECT o.order_id, o.status, COUNT(l.line_id) FROM ops.orders o JOIN ops.order_lines l ON o.order_id = l.order_id WHERE o.created_at >= '2026-09-12' GROUP BY o.order_id, o.status",,,,akumar,2026-09-19 15:41:00,2026-09-19 16:33:15,52.25
1065,"SELECT o.order_id, o.status, COUNT(l.line_id) FROM ops.orders o JOIN ops.order_lines l ON o.order_id = l.order_id WHERE o.created_at >= '2026-09-18' GROUP BY o.order_id, o.status","SELECT o.order_id, o.status, COUNT(l.line_id) FROM ops.orders o JOIN ops.order_lines l ON o.order_id = l.order_id WHERE o.created_at >= '2026-09-18' GROUP BY o.order_id, o.status",,,,akumar,2026-09-19 18:04:00,2026-09-19 18:10:03,6.05
1066,"SELECT c.customer_id, c.segment, SUM(t.amount) AS total FROM sales.transactions t JOIN sales.customers c ON t.customer_id = c.customer_id WHERE t.txn_date BETWEEN '2026-09-09' AND '2026-09-19' AND c.region = 'EMEA' GROUP BY c.customer_id, c.segment ORDER BY total DESC LIMIT 100","SELECT c.customer_id, c.segment, SUM(t.amount) AS total FROM sales.transactions t JOIN sales.customers c ON t.customer_id = c.customer_id WHERE t.txn_date BETWEEN '2026-09-09' AND '2026-09-19' AND c.region = 'EMEA' GROUP BY c.customer_id, c.segment ORDER BY total DESC LIMIT 100",,,,tnguyen,2026-09-19 21:49:00,2026-09-19 22:22:33,33.55
1067,"SELECT o.order_id, o.status, COUNT(l.line_id) FROM ops.orders o JOIN ops.order_lines l ON o.order_id = l.order_id WHERE o.created_at >= '2026-09-15' GROUP BY o.order_id, o.status","SELECT o.order_id, o.status, COUNT(l.line_id) FROM ops.orders o JOIN ops.order_lines l ON o.order_id = l.order_id WHERE o.created_at >= '2026-09-15' GROUP BY o.order_id, o.status",,,,tnguyen,2026-09-20 00:14:00,2026-09-20 00:59:32,45.54
1068,"SELECT c.customer_id, c.segment, SUM(t.amount) AS total FROM sales.transactions t JOIN sales.customers c ON t.customer_id = c.customer_id WHERE t.txn_date BETWEEN '2026-09-17' AND '2026-09-19' AND c.region = 'APAC' GROUP BY c.customer_id, c.segment ORDER BY total DESC LIMIT 100","SELECT c.customer_id, c.segment, SUM(t.amount) AS total FROM sales.transactions t JOIN sales.customers c ON t.customer_id = c.customer_id WHERE t.txn_date BETWEEN '2026-09-17' AND '2026-09-19' AND c.region = 'APAC' GROUP BY c.customer_id, c.segment ORDER BY total DESC LIMIT 100",,,,jsmith,2026-09-20 03:41:00,2026-09-20 04:01:55,20.92
1069,"SELECT o.order_id, o.status, COUNT(l.line_id) FROM ops.orders o JOIN ops.order_lines l ON o.order_id = l.order_id WHERE o.created_at >= '2026-09-14' GROUP BY o.order_id, o.status","SELECT o.order_id, o.status, COUNT(l.line_id) FROM ops.orders o JOIN ops.order_lines l ON o.order_id = l.order_id WHERE o.created_at >= '2026-09-14' GROUP BY o.order_id, o.status",,,,lchen,2026-09-20 06:48:00,2026-09-20 07:05:37,17.62
1070,"SELECT c.customer_id, c.segment, SUM(t.amount) AS total FROM sales.transactions t JOIN sales.customers c ON t.customer_id = c.customer_id WHERE t.txn_date BETWEEN '2026-09-17' AND '2026-09-19' AND c.region = 'NA' GROUP BY c.customer_id, c.segment ORDER BY total DESC LIMIT 100","SELECT c.customer_id, c.segment, SUM(t.amount) AS total FROM sales.transactions t JOIN sales.customers c ON t.customer_id = c.customer_id WHERE t.txn_date BETWEEN '2026-09-17' AND '2026-09-19' AND c.region = 'NA' GROUP BY c.customer_id, c.segment ORDER BY total DESC LIMIT 100",,,,jsmith,2026-09-20 09:49:00,2026-09-20 09:58:20,9.34
1071,"WITH recent AS (SELECT * FROM fin.ledger WHERE posting_date > '2026-09-12') SELECT r.gl_code, SUM(r.amount) FROM recent r JOIN fin.gl_codes g ON r.gl_code = g.gl_code GROUP BY r.gl_code","WITH recent AS (SELECT * FROM fin.ledger WHERE posting_date > '2026-09-12') SELECT r.gl_code, SUM(r.amount) FROM recent r JOIN fin.gl_codes g ON r.gl_code = g.gl_code GROUP BY r.gl_code",,,,jsmith,2026-09-20 12:01:00,2026-09-20 13:00:37,59.62
1072,"SELECT c.customer_id, c.segment, SUM(t.amount) AS total FROM sales.transactions t JOIN sales.customers c ON t.customer_id = c.customer_id WHERE t.txn_date BETWEEN '2026-09-15' AND '2026-09-19' AND c.region = 'EMEA' GROUP BY c.customer_id, c.segment ORDER BY total DESC LIMIT 100","SELECT c.customer_id, c.segment, SUM(t.amount) AS total FROM sales.transactions t JOIN sales.customers c ON t.customer_id = c.customer_id WHERE t.txn_date BETWEEN '2026-09-15' AND '2026-09-19' AND c.region = 'EMEA' GROUP BY c.customer_id, c.segment ORDER BY total DESC LIMIT 100",,,,tnguyen,2026-09-20 15:30:00,2026-09-20 15:57:31,27.53
1073,"WITH recent AS (SELECT * FROM fin.ledger WHERE posting_date > '2026-09-17') SELECT r.gl_code, SUM(r.amount) FROM recent r JOIN fin.gl_codes g ON r.gl_code = g.gl_code GROUP BY r.gl_code","WITH recent AS (SELECT * FROM fin.ledger WHERE posting_date > '2026-09-17') SELECT r.gl_code, SUM(r.amount) FROM recent r JOIN fin.gl_codes g ON r.gl_code = g.gl_code GROUP BY r.gl_code",,,,lchen,2026-09-20 18:40:00,2026-09-20 18:55:30,15.5
1074,"WITH recent AS (SELECT * FROM fin.ledger WHERE posting_date > '2026-09-17') SELECT r.gl_code, SUM(r.amount) FROM recent r JOIN fin.gl_codes g ON r.gl_code = g.gl_code GROUP BY r.gl_code","WITH recent AS (SELECT * FROM fin.ledger WHERE posting_date > '2026-09-17') SELECT r.gl_code, SUM(r.amount) FROM recent r JOIN fin.gl_codes g ON r.gl_code = g.gl_code GROUP BY r.gl_code",,,,tnguyen,2026-09-20 21:21:00,2026-09-20 21:24:01,3.03
1075,"SELECT c.customer_id, c.segment, SUM(t.amount) AS total FROM sales.transactions t JOIN sales.customers c ON t.customer_id = c.customer_id WHERE t.txn_date BETWEEN '2026-09-16' AND '2026-09-19' AND c.region = 'EMEA' GROUP BY c.customer_id, c.segment ORDER BY total DESC LIMIT 100","SELECT c.customer_id, c.segment, SUM(t.amount) AS total FROM sales.transactions t JOIN sales.customers c ON t.customer_id = c.customer_id WHERE t.txn_date BETWEEN '2026-09-16' AND '2026-09-19' AND c.region = 'EMEA' GROUP BY c.customer_id, c.segment ORDER BY total DESC LIMIT 100",,,,jsmith,2026-09-21 00:45:00,2026-09-21 00:53:52,8.87
